Price Date,Open Price,High Price,Low Price,Close Price,Trade Value,Number Of Trades,Traded Quantity
03-03-2008,38.5500,38.6800,37.8800,38.2100,0,0,4062300
04-03-2008,37.6600,37.8200,36.7100,37.4300,0,0,4619000
05-03-2008,38.0100,39.0700,37.8700,38.1900,0,0,3222600
06-03-2008,38.0400,38.3300,37.0100,37.0300,0,0,3512500
07-03-2008,36.0000,36.9500,35.7100,35.9100,0,0,3576300
10-03-2008,35.6600,35.8400,34.7900,34.8000,0,0,3629400
11-03-2008,35.9400,36.6700,35.4100,36.6500,0,0,4552300
12-03-2008,36.1400,36.1900,35.1800,35.3300,0,0,4090700
13-03-2008,34.4000,35.3800,33.8000,34.9300,0,0,3190000
14-03-2008,35.5900,35.7000,33.3400,33.9400,0,0,3043700
17-03-2008,32.7100,33.9300,32.6500,33.0100,0,0,3358000
18-03-2008,33.7300,34.5300,33.2500,34.4700,0,0,2909800
19-03-2008,34.1000,35.0000,33.3300,33.3800,0,0,2634200
20-03-2008,33.3800,33.9900,33.0500,33.8800,0,0,2034200
24-03-2008,34.5000,36.4900,34.1800,36.3000,0,0,3070200
25-03-2008,37.5000,37.6600,36.9300,37.4000,0,0,3503100
26-03-2008,37.1600,37.6100,36.5800,37.0300,0,0,1888600
27-03-2008,36.5600,37.0000,36.0600,36.3100,0,0,1953900
28-03-2008,37.9700,37.9700,35.9700,36.3000,0,0,3459500
31-03-2008,35.6500,36.3900,35.5100,35.7700,0,0,2092400
01-04-2008,36.4200,37.4300,36.3600,37.4300,0,0,4426800
02-04-2008,37.3400,37.7900,36.7400,37.1700,0,0,4838700
03-04-2008,36.8700,37.7900,36.6900,37.4100,0,0,5109900
04-04-2008,37.6000,37.6600,36.4900,36.8500,0,0,5101500
07-04-2008,37.4900,37.5700,36.8500,36.9600,0,0,2428000
08-04-2008,36.9600,36.9600,36.3800,36.6000,0,0,1914600
09-04-2008,36.7900,38.3000,35.6000,36.0000,0,0,3225200
10-04-2008,35.8900,36.5400,35.6600,36.2500,0,0,5417200
11-04-2008,35.4900,36.3200,35.3100,35.8100,0,0,4097300
14-04-2008,35.1900,37.0800,35.0700,36.5600,0,0,5564700
15-04-2008,38.2400,40.2000,38.1500,39.6700,0,0,9304500
16-04-2008,40.5300,41.1300,40.0400,40.8800,0,0,5219200
17-04-2008,40.5500,41.2900,40.0600,41.0500,0,0,4113400
18-04-2008,41.5000,43.3400,41.5000,43.0800,0,0,5243200
21-04-2008,42.4900,42.7800,41.9000,42.6800,0,0,3863100
22-04-2008,41.3600,41.4500,40.8500,41.3300,0,0,4228800
23-04-2008,41.7400,42.4000,41.3600,42.1900,0,0,2301000
24-04-2008,42.2000,43.6800,42.0500,43.0800,0,0,2601600
25-04-2008,43.0500,43.3300,42.1500,43.1200,0,0,2072900
28-04-2008,42.8500,42.8500,42.1000,42.2900,0,0,1932900
29-04-2008,44.0200,44.5000,43.6200,43.9000,0,0,3552900
30-04-2008,44.2000,44.4900,43.5300,43.6900,0,0,1754300
01-05-2008,43.5500,44.4200,42.8300,44.2400,0,0,3192800
02-05-2008,44.4200,45.4100,43.5900,44.9400,0,0,2209500
05-05-2008,44.8600,44.8800,44.1400,44.3600,0,0,1380000
06-05-2008,44.7100,46.1500,44.1200,45.8000,0,0,2900000
07-05-2008,44.6600,45.3700,43.1500,43.2400,0,0,4596700
08-05-2008,43.1200,43.2800,42.2900,42.8300,0,0,3799700
09-05-2008,42.4100,43.2500,41.9100,42.9100,0,0,2629800
12-05-2008,43.0700,43.6200,42.1700,43.5800,0,0,3223600
13-05-2008,43.0000,43.2000,42.3400,43.0200,0,0,2197700
14-05-2008,43.7200,44.6400,43.4000,44.3300,0,0,3219900
15-05-2008,45.0300,46.7100,44.5700,46.5800,0,0,4434400
16-05-2008,45.8400,46.2500,45.1500,46.0100,0,0,2423300
19-05-2008,45.9400,46.2300,45.3000,45.5100,0,0,1277100
20-05-2008,45.4000,45.6800,43.9300,44.3200,0,0,2687800
21-05-2008,44.2900,45.0900,43.9100,43.9200,0,0,2111800
22-05-2008,43.8200,44.5000,43.8200,44.2100,0,0,1560000
23-05-2008,43.7700,43.8500,42.9900,43.1200,0,0,2257300
27-05-2008,43.4400,44.7400,43.3500,43.9400,0,0,3074200
28-05-2008,44.5500,44.6200,43.9400,44.3900,0,0,2563700
29-05-2008,44.2700,45.9300,44.0200,45.3600,0,0,3796400
30-05-2008,46.2400,50.1200,46.1500,49.1100,0,0,7755700
02-06-2008,47.6300,48.0000,47.2600,47.7700,0,0,4359500
03-06-2008,47.2000,47.6400,46.3000,46.7700,0,0,5133100
04-06-2008,45.8500,47.4100,45.7100,46.6900,0,0,3798300
05-06-2008,48.0000,49.4800,47.9500,49.3700,0,0,5784900
06-06-2008,48.4500,48.7500,47.4600,47.4700,0,0,3327100
09-06-2008,47.0400,47.5600,46.4100,46.9100,0,0,2436300
10-06-2008,46.0100,46.2500,45.1800,45.7300,0,0,3253200
11-06-2008,46.0000,46.6200,44.8300,44.8900,0,0,3254600
12-06-2008,45.3900,47.2000,45.3000,46.4300,0,0,3233000
13-06-2008,46.3300,47.3700,45.8700,47.3200,0,0,3094300
16-06-2008,47.2600,47.2800,46.5300,47.0800,0,0,2123700
17-06-2008,47.2600,47.4100,46.6100,46.7600,0,0,1350300
18-06-2008,45.2000,45.8100,44.5700,45.4300,0,0,3713100
19-06-2008,45.4300,46.7000,44.8400,46.3600,0,0,2560100
20-06-2008,45.4600,45.4900,44.1600,44.3100,0,0,4286600
23-06-2008,45.1600,45.5000,44.8000,45.0000,0,0,1836400
24-06-2008,44.4000,44.6900,43.6600,43.9200,0,0,2268400
25-06-2008,43.9200,45.0000,43.5200,44.3200,0,0,2482000
26-06-2008,43.7900,43.8600,42.1300,42.6100,0,0,3193700
27-06-2008,42.5000,43.3000,41.7600,43.0300,0,0,2866200
30-06-2008,42.9000,43.8900,42.5700,43.4600,0,0,2657700
01-07-2008,42.7300,43.7900,41.8500,43.4700,0,0,3744600
02-07-2008,44.5700,45.0000,43.5300,43.6000,0,0,3130400
03-07-2008,42.9600,44.2100,42.5700,42.6000,0,0,2160100
07-07-2008,43.5800,43.7600,42.1000,42.7000,0,0,3301800
08-07-2008,42.1600,43.0100,41.5600,43.0100,0,0,2467100
09-07-2008,43.6100,45.0600,43.6100,43.8300,0,0,4766000
10-07-2008,43.7700,44.6000,43.2000,43.9900,0,0,6437300
11-07-2008,41.1200,41.4700,37.9500,38.1400,0,0,9822100
14-07-2008,38.1400,38.3600,37.0000,37.1500,0,0,4605400
15-07-2008,36.8000,37.4600,35.4300,37.0200,0,0,3996600
16-07-2008,37.0900,39.2500,36.8900,39.1600,0,0,4153500
17-07-2008,39.1700,39.8000,38.4900,39.7400,0,0,3702400
18-07-2008,38.6500,39.0600,38.0900,38.4200,0,0,3662900
21-07-2008,38.3800,38.5200,37.3100,37.4800,0,0,2120300
22-07-2008,37.4600,39.4100,37.0200,39.2400,0,0,4096000
23-07-2008,38.8000,40.7900,38.7200,40.0200,0,0,3324500
24-07-2008,39.4500,39.6600,37.7800,37.8600,0,0,2578700
25-07-2008,37.9000,38.4900,37.8000,38.3000,0,0,1247900
28-07-2008,38.1700,38.6900,37.7200,37.8000,0,0,1336400
29-07-2008,37.6000,39.5300,37.5500,39.3900,0,0,2402900
30-07-2008,39.5500,40.2200,38.5300,39.1200,0,0,2165800
31-07-2008,38.8600,40.2800,38.6000,39.3900,0,0,2290700
01-08-2008,40.0000,40.7000,39.3900,40.4500,0,0,2844000
04-08-2008,40.5000,40.5000,38.7200,39.5800,0,0,2704700
05-08-2008,40.6100,40.9700,40.0200,40.7600,0,0,3136500
06-08-2008,40.2600,42.3000,40.2600,41.8800,0,0,3993600
07-08-2008,40.8900,41.7200,40.5800,40.8900,0,0,3198300
08-08-2008,40.8000,41.8100,40.8000,41.5200,0,0,2811000
11-08-2008,41.1400,41.8000,40.6200,41.3400,0,0,2601500
12-08-2008,39.8000,40.0900,39.3800,39.9700,0,0,3490500
13-08-2008,39.7200,40.7500,39.5300,40.3200,0,0,2221000
14-08-2008,40.5300,42.4700,40.5300,42.2700,0,0,3286000
15-08-2008,42.3300,43.3400,42.2800,42.4200,0,0,2100500
18-08-2008,42.6800,43.2600,41.2400,41.6600,0,0,2050400
19-08-2008,41.4900,41.5000,40.3900,40.8000,0,0,1730100
20-08-2008,40.8500,41.2500,40.0400,40.6300,0,0,1941800
21-08-2008,40.0400,40.2600,39.4000,40.2600,0,0,2425200
22-08-2008,40.6600,41.6700,40.2900,41.5600,0,0,1320800
25-08-2008,41.0900,41.1400,39.7700,39.9000,0,0,2397600
26-08-2008,39.9900,41.2000,39.9400,40.5300,0,0,3730300
27-08-2008,40.3600,41.5100,40.3300,41.1700,0,0,2107000
28-08-2008,40.9000,41.8700,40.9000,41.4000,0,0,1325900
29-08-2008,42.0900,42.0900,40.4800,41.2800,0,0,1896600
02-09-2008,42.1900,42.6400,40.9000,41.1100,0,0,3459500
03-09-2008,40.8300,41.4900,40.4000,40.6100,0,0,2021700
04-09-2008,40.5500,41.0000,39.2500,39.5200,0,0,3999800
05-09-2008,38.8200,39.6100,38.2600,39.3900,0,0,3855500
08-09-2008,40.4100,40.6800,38.9000,39.4500,0,0,2775700
09-09-2008,39.6500,40.0000,38.3600,38.4500,0,0,2753900
10-09-2008,38.7700,39.4600,38.6100,39.1900,0,0,2978000
11-09-2008,38.5000,38.6100,36.6700,37.1800,0,0,6688300
12-09-2008,36.7000,37.2800,35.7400,37.2400,0,0,3312600
15-09-2008,35.4000,35.8700,34.1900,34.8000,0,0,4306300
16-09-2008,34.2900,36.5900,34.0500,36.4000,0,0,4389000
17-09-2008,35.0000,36.0600,33.8900,34.3500,0,0,5011000
18-09-2008,34.4600,35.1000,32.1600,34.9200,0,0,5542200
19-09-2008,36.6700,40.0000,35.9500,38.5000,0,0,5872600
22-09-2008,37.7500,38.1400,36.7200,36.9400,0,0,2585600
23-09-2008,36.0000,37.2600,35.0000,35.1800,0,0,3818000
24-09-2008,34.3800,34.4100,32.5900,33.6800,0,0,4850200
25-09-2008,33.8000,34.5400,33.2100,34.2400,0,0,2483700
26-09-2008,32.5000,33.6800,32.3400,33.6100,0,0,2499300
29-09-2008,31.7000,31.8500,28.3000,29.3500,0,0,5462300
30-09-2008,30.4400,34.4900,30.2600,33.3100,0,0,6565600
01-10-2008,33.3700,33.5400,31.2900,32.4000,0,0,3291400
02-10-2008,32.2100,32.7300,30.4000,30.5800,0,0,2537000
03-10-2008,31.2600,31.5900,29.5600,29.5800,0,0,3734000
06-10-2008,29.1500,29.1500,26.0400,27.8200,0,0,6786100
07-10-2008,28.3000,28.7900,26.0400,26.5600,0,0,5071100
08-10-2008,25.2700,28.2700,24.8600,25.5200,0,0,6963600
09-10-2008,25.6800,27.0300,24.8400,25.0200,0,0,3259800
10-10-2008,23.2500,25.4200,22.8000,23.9100,0,0,7625700
13-10-2008,27.2300,29.5900,26.3400,29.5100,0,0,5112600
14-10-2008,30.4800,31.7600,27.2700,28.1300,0,0,5500200
15-10-2008,27.0300,27.4700,25.0000,25.0400,0,0,3437100
16-10-2008,26.1100,26.7800,24.4100,26.5000,0,0,4054300
17-10-2008,25.2600,26.9100,24.9900,25.9600,0,0,3482600
20-10-2008,26.4100,28.0300,26.2900,28.0200,0,0,2175800
21-10-2008,27.3300,27.8800,26.5300,26.5600,0,0,2192000
22-10-2008,25.5100,26.3700,24.7000,25.3600,0,0,2748400
23-10-2008,25.4000,26.3800,24.5400,25.8600,0,0,3270700
24-10-2008,24.0500,26.3000,23.8800,25.2200,0,0,3958300
27-10-2008,24.8200,25.7600,24.3000,24.3800,0,0,2136400
28-10-2008,25.3500,28.2500,24.5000,28.1700,0,0,3437300
29-10-2008,26.8500,29.0000,26.8400,27.9200,0,0,3598800
30-10-2008,28.8000,29.6800,28.1600,29.3100,0,0,2797700
31-10-2008,28.7300,30.1100,28.2200,29.3200,0,0,3692700
03-11-2008,29.2800,29.6000,28.3000,28.5400,0,0,3611500
04-11-2008,28.9300,30.0000,28.5700,29.9200,0,0,2432400
05-11-2008,28.7000,29.1500,27.5000,27.6100,0,0,2281800
06-11-2008,26.5500,27.1300,24.4300,24.7200,0,0,3602100
07-11-2008,25.5500,26.7500,25.4800,26.6900,0,0,2760300
10-11-2008,27.8000,28.0900,26.9200,27.3000,0,0,2280900
11-11-2008,26.1600,26.7300,25.2800,26.0300,0,0,2861800
12-11-2008,25.5100,26.7700,24.3700,24.4400,0,0,2868200
13-11-2008,24.3000,26.2700,23.4200,26.2100,0,0,3805000
14-11-2008,25.2400,26.0500,24.6300,24.7200,0,0,2993000
17-11-2008,24.3400,25.3400,24.3200,24.4300,0,0,2770700
18-11-2008,24.0000,25.0000,23.4500,24.1300,0,0,2564600
19-11-2008,24.0500,24.3000,22.3700,22.3800,0,0,2963400
20-11-2008,22.0100,22.5200,21.1000,21.1100,0,0,3812800
21-11-2008,23.0200,23.2600,21.7000,22.9600,0,0,4709700
24-11-2008,23.7100,25.1000,23.7100,24.9600,0,0,4147500
25-11-2008,23.8800,24.6500,22.7500,23.1400,0,0,4754300
26-11-2008,23.3400,24.9000,23.3400,24.3100,0,0,4688600
28-11-2008,23.8600,25.2500,23.8600,25.1500,0,0,1163700
01-12-2008,24.4800,24.7900,23.6100,23.6100,0,0,2442400
02-12-2008,23.6100,24.5400,23.6100,24.4300,0,0,2491800
03-12-2008,23.2800,24.4000,23.0600,24.2100,0,0,2704600
04-12-2008,23.6400,24.1600,22.3200,22.8900,0,0,2878900
05-12-2008,22.5300,23.9500,21.8700,23.7600,0,0,2920400
08-12-2008,24.2400,26.2900,24.0500,25.8900,0,0,5262700
09-12-2008,25.3100,26.0800,24.7600,24.9300,0,0,3307700
10-12-2008,25.1100,25.3600,24.6100,25.0700,0,0,2629400
11-12-2008,24.7500,25.2600,23.7900,23.9800,0,0,2269400
12-12-2008,23.6900,24.3700,23.0100,24.2200,0,0,1690700
15-12-2008,24.0800,24.4200,23.1900,23.8800,0,0,1531700
16-12-2008,24.1300,24.3200,22.7400,24.0700,0,0,4565300
17-12-2008,23.8500,25.4200,23.8300,24.9100,0,0,3002600
18-12-2008,25.2000,26.1500,24.7900,25.4800,0,0,3185000
19-12-2008,25.7000,26.2200,25.4800,25.5600,0,0,2111000
22-12-2008,25.0000,25.5900,24.5800,25.0400,0,0,1473100
23-12-2008,25.3600,25.8000,25.0500,25.3100,0,0,1783800
24-12-2008,25.2300,25.5500,24.9500,25.1300,0,0,380700
26-12-2008,24.2000,24.3500,23.9800,24.1400,0,0,1019200
29-12-2008,24.3100,24.3900,23.6600,23.9300,0,0,1561900
30-12-2008,23.9300,24.5100,23.8000,24.4500,0,0,1189900
31-12-2008,24.4400,24.7400,24.2700,24.5700,0,0,965200
02-01-2009,24.5100,25.2500,24.1600,25.1500,0,0,1864700
05-01-2009,24.7800,26.1400,24.7800,25.9900,0,0,2604400
06-01-2009,26.0000,26.9900,25.7700,26.6000,0,0,3821500
07-01-2009,25.3300,28.3100,25.1500,26.9400,0,0,6415600
08-01-2009,26.6700,27.2500,26.2800,26.6400,0,0,2752600
09-01-2009,27.3400,27.3900,25.8100,26.4700,0,0,2176000
12-01-2009,25.6600,26.7800,25.5400,25.8800,0,0,3820300
13-01-2009,27.2500,28.1500,26.6100,27.4000,0,0,5240200
14-01-2009,27.3000,27.3900,26.2500,26.4300,0,0,4306200
15-01-2009,26.4000,27.5300,25.8600,27.1500,0,0,3196500
16-01-2009,27.6200,27.8500,26.8500,27.7000,0,0,2854600
20-01-2009,27.2300,27.5200,26.1600,26.1700,0,0,3166500
21-01-2009,26.0600,26.7700,25.5900,26.7400,0,0,3353200
22-01-2009,26.2900,26.5000,25.0000,25.5300,0,0,2931200
23-01-2009,25.0200,26.5900,25.0100,26.0600,0,0,3334600
26-01-2009,26.2700,27.2300,26.1500,26.7000,0,0,1864300
27-01-2009,27.0300,27.3800,26.7000,27.1100,0,0,1766400
28-01-2009,27.8300,28.3800,27.6700,28.0400,0,0,2290700
29-01-2009,27.9500,28.1400,27.2900,27.4600,0,0,2138700
30-01-2009,27.3800,27.5100,26.3800,26.5600,0,0,3585800
02-02-2009,26.3500,26.9100,26.1000,26.6200,0,0,1692900
03-02-2009,26.6600,27.5100,26.2800,27.4400,0,0,1761800
04-02-2009,27.3600,27.7200,26.6500,27.0800,0,0,3290200
05-02-2009,26.3500,26.9800,25.9500,26.8000,0,0,3018000
06-02-2009,26.9100,29.1700,26.4500,28.9900,0,0,4947100
09-02-2009,28.6500,29.3400,28.1000,29.3400,0,0,2244900
10-02-2009,29.0000,29.0200,27.0700,27.1100,0,0,3679500
11-02-2009,27.8200,28.0000,26.6700,26.9900,0,0,3412600
12-02-2009,26.5000,27.1500,25.7600,27.0700,0,0,4031400
13-02-2009,27.0500,27.2600,26.0800,26.3800,0,0,3078600
17-02-2009,25.3900,25.5800,24.8500,25.0900,0,0,3334000
18-02-2009,24.9200,25.4700,24.7500,25.1500,0,0,2172700
19-02-2009,25.3000,25.9200,24.6400,24.7200,0,0,2290900
20-02-2009,24.4400,25.0200,23.9100,24.1600,0,0,3145200
23-02-2009,24.3600,24.6600,23.6500,23.6800,0,0,2284800
24-02-2009,24.1100,24.8700,23.9000,24.7800,0,0,2371200
25-02-2009,24.5300,25.0500,24.3300,24.6200,0,0,2269700
26-02-2009,24.7700,25.0600,24.2000,24.2000,0,0,3289200
27-02-2009,24.2700,24.6500,23.8900,24.2000,0,0,3293600
02-03-2009,23.5400,23.9000,22.6900,22.7800,0,0,4671200
03-03-2009,22.7900,23.5100,22.6100,23.0800,0,0,2759300
04-03-2009,23.5000,24.4700,23.5000,24.0800,0,0,2518700
05-03-2009,23.5000,23.7700,22.8000,22.9400,0,0,2937600
06-03-2009,23.3600,23.5100,22.7900,23.3200,0,0,3259300
09-03-2009,23.3000,23.3800,22.6300,22.8200,0,0,1761000
10-03-2009,23.1700,24.5200,22.9400,24.5100,0,0,2794700
11-03-2009,24.7600,25.3200,24.4200,24.5000,0,0,2462700
12-03-2009,24.4000,25.4100,24.3000,25.4000,0,0,2668100
13-03-2009,25.6900,25.8500,24.9700,25.3200,0,0,2878700
16-03-2009,25.4700,25.7300,25.0800,25.0900,0,0,2494800
17-03-2009,25.1900,25.4000,24.6000,25.3600,0,0,2761200
18-03-2009,25.1000,26.4600,25.1000,26.2000,0,0,3000900
19-03-2009,26.5900,26.9400,26.4200,26.7500,0,0,2780800
20-03-2009,26.9200,27.1400,25.6800,25.8900,0,0,2721400
23-03-2009,26.7400,27.6200,26.5700,27.6200,0,0,4190500
24-03-2009,26.7600,27.2000,26.1600,26.2600,0,0,2714600
25-03-2009,26.5400,27.2000,26.3300,26.8500,0,0,2304800
26-03-2009,27.5000,28.1100,26.9600,27.9900,0,0,2995800
27-03-2009,26.7500,26.8700,25.8800,25.9100,0,0,3039400
30-03-2009,25.5000,25.9700,25.2500,25.8700,0,0,2121700
31-03-2009,26.4200,27.4200,26.3000,26.6300,0,0,2605900
01-04-2009,26.7000,27.1200,26.0700,26.9900,0,0,2611100
02-04-2009,27.9500,29.9400,27.9500,28.6100,0,0,5086400
03-04-2009,28.8500,29.0700,28.0500,29.0600,0,0,3021200
06-04-2009,28.5700,28.5700,28.0000,28.3100,0,0,2768800
07-04-2009,27.9200,28.3800,27.5700,28.1900,0,0,2000100
08-04-2009,28.5600,29.0200,28.1400,28.9100,0,0,2177000
09-04-2009,29.3600,29.7700,29.2400,29.7200,0,0,2225300
13-04-2009,29.4100,29.5900,28.9100,29.4800,0,0,1973100
14-04-2009,29.0000,29.1200,28.5200,28.7600,0,0,2889600
15-04-2009,27.2300,28.7600,26.1200,26.8100,0,0,7182600
16-04-2009,27.3000,27.7200,26.7000,27.5000,0,0,3511500
17-04-2009,27.8900,28.1000,27.3100,27.9800,0,0,3641300
20-04-2009,27.4900,27.5100,26.9000,27.1100,0,0,3358600
21-04-2009,26.9300,27.3600,26.6100,27.2100,0,0,3728600
22-04-2009,27.2900,28.3500,27.0000,27.8900,0,0,3010900
23-04-2009,28.8500,28.9600,28.1200,28.6100,0,0,4284100
24-04-2009,28.6500,29.1700,28.5000,28.8900,0,0,2634000
27-04-2009,28.4100,28.9300,28.0000,28.6700,0,0,2058900
28-04-2009,28.0700,28.9500,28.0700,28.6600,0,0,2140700
29-04-2009,29.5600,30.5500,29.5500,30.3200,0,0,3197500
30-04-2009,30.4900,31.0000,30.3500,30.8100,0,0,3080600
01-05-2009,30.6600,30.9500,30.3300,30.7000,0,0,2535800
04-05-2009,32.2600,32.8300,31.8800,32.7600,0,0,3939200
05-05-2009,32.5600,32.7900,32.0300,32.4200,0,0,2592600
06-05-2009,32.4900,32.4900,30.7700,31.4300,0,0,3247200
07-05-2009,32.0200,32.0200,30.8000,30.9900,0,0,2022700
08-05-2009,31.2500,31.7600,30.7700,31.1600,0,0,1713000
11-05-2009,30.5400,31.4600,30.3800,31.0500,0,0,1496400
12-05-2009,32.2800,32.4800,31.7000,31.8500,0,0,1957700
13-05-2009,31.2000,31.5500,30.3100,30.3600,0,0,2209100
14-05-2009,31.1300,31.6000,30.9000,31.4800,0,0,1877900
15-05-2009,31.9600,32.4600,31.6000,32.0200,0,0,2239000
18-05-2009,36.0000,36.6500,34.5000,34.9000,0,0,8236600
19-05-2009,33.1500,33.9300,32.6800,33.0200,0,0,4195800
20-05-2009,32.9000,33.5500,32.0100,32.2100,0,0,3442800
21-05-2009,31.9400,32.2000,31.2300,31.5300,0,0,2866300
22-05-2009,31.7600,32.0700,31.5200,31.6000,0,0,1414000
26-05-2009,31.5900,32.7700,31.1600,32.4100,0,0,2226000
27-05-2009,32.1700,33.5000,32.1700,32.6100,0,0,2118100
28-05-2009,32.8500,33.4800,32.3800,33.3800,0,0,2557200
29-05-2009,33.5600,34.5800,33.1800,34.5600,0,0,3348100
01-06-2009,35.4200,36.1600,35.2100,35.7000,0,0,3652500
02-06-2009,35.8000,36.5300,35.3500,36.3900,0,0,2379200
03-06-2009,35.0100,35.4500,34.6500,35.2800,0,0,2676200
04-06-2009,35.2100,35.8200,34.8300,35.6100,0,0,1552000
05-06-2009,36.3100,36.6000,35.6900,36.0400,0,0,1670800
08-06-2009,35.5800,36.6000,35.5800,36.2200,0,0,2025200
09-06-2009,37.2300,37.8500,37.2200,37.5300,0,0,2749300
10-06-2009,37.8900,37.8900,36.7500,37.2800,0,0,2321900
11-06-2009,36.8200,37.5500,36.7000,37.1300,0,0,2748100
12-06-2009,36.5500,37.1300,36.3000,37.1200,0,0,1814700
15-06-2009,36.6000,36.6000,35.1900,35.5200,0,0,2495600
16-06-2009,36.0100,36.1000,34.7500,34.8400,0,0,2936200
17-06-2009,35.0800,35.5900,34.6100,35.2100,0,0,2800900
18-06-2009,35.6100,35.6800,35.0500,35.2600,0,0,2691700
19-06-2009,36.5500,36.9000,36.0500,36.1500,0,0,2805300
23-06-2009,35.4700,35.7500,35.2000,35.4700,0,0,2191000
24-06-2009,35.6900,36.5000,35.6300,36.1400,0,0,2357500
25-06-2009,35.9100,36.7800,35.7100,36.6800,0,0,1288200
26-06-2009,37.5700,38.1500,37.4100,37.6600,0,0,2524500
29-06-2009,37.6700,37.6800,37.0700,37.2400,0,0,2034300
30-06-2009,37.4700,37.5000,36.6400,36.7800,0,0,1513700
01-07-2009,37.2800,37.8600,37.0700,37.3300,0,0,1576900
02-07-2009,36.9500,37.0800,36.0900,36.2100,0,0,2883800
06-07-2009,36.0700,36.0700,35.1400,35.7700,0,0,4621400
07-07-2009,35.5200,35.6900,35.2400,35.2600,0,0,2565800
08-07-2009,34.1500,34.8800,33.8100,34.2900,0,0,4415500
09-07-2009,34.0000,35.1800,34.0000,34.4900,0,0,5525200
10-07-2009,35.4600,36.3400,34.7800,35.9500,0,0,6203900
13-07-2009,36.6700,36.7000,35.3800,36.2300,0,0,2866200
14-07-2009,36.6400,36.9100,35.8800,36.0700,0,0,3006800
15-07-2009,36.5000,37.3500,36.4300,37.3400,0,0,2244500
16-07-2009,37.2300,37.7300,36.9100,37.6300,0,0,2519000
17-07-2009,38.1500,38.8700,37.6700,38.7400,0,0,2860000
20-07-2009,40.4000,40.8100,40.0000,40.6800,0,0,3800500
21-07-2009,40.6900,40.9600,40.0600,40.9000,0,0,3245900
22-07-2009,39.9300,40.9600,39.4600,40.5000,0,0,2720600
23-07-2009,40.8000,42.5900,40.5700,42.2300,0,0,3999600
24-07-2009,41.8800,42.4400,41.6000,42.4000,0,0,1954600
27-07-2009,42.3100,42.6000,41.8000,42.4500,0,0,1548600
28-07-2009,42.1800,42.1800,41.4900,41.9800,0,0,1406700
29-07-2009,41.4900,41.7000,41.1000,41.5600,0,0,1985600
30-07-2009,42.1100,42.7300,41.8700,42.2100,0,0,1521000
31-07-2009,42.7600,43.6000,42.7600,43.0300,0,0,3301100
03-08-2009,43.7700,44.4000,43.2100,44.3800,0,0,2227100
04-08-2009,44.0700,45.3400,44.0500,44.9500,0,0,3675000
05-08-2009,44.9500,45.2100,43.9800,44.4700,0,0,2140500
06-08-2009,43.9400,44.0800,43.2200,43.5200,0,0,1772400
07-08-2009,43.2500,43.7400,43.0300,43.5800,0,0,1955100
10-08-2009,43.7900,44.1400,42.8500,43.1300,0,0,2147500
11-08-2009,42.8600,43.1100,42.4100,42.6300,0,0,1682100
12-08-2009,42.8900,43.3400,42.5400,43.0000,0,0,1784100
13-08-2009,43.3500,43.3500,42.3800,42.8400,0,0,1435200
14-08-2009,42.5700,42.7100,41.5900,41.9000,0,0,2262500
17-08-2009,41.0400,41.1100,40.5100,40.5900,0,0,1906700
18-08-2009,40.5100,41.0400,40.1700,40.8800,0,0,1929100
19-08-2009,40.3200,41.2000,40.0000,41.0500,0,0,1610700
20-08-2009,41.2200,41.2700,40.3100,41.2000,0,0,2002200
21-08-2009,41.6100,42.4900,41.6100,42.2500,0,0,1843000
24-08-2009,42.9000,42.9800,42.1300,42.3600,0,0,1427100
25-08-2009,42.6300,43.1000,42.5200,43.0800,0,0,1650300
26-08-2009,44.4100,45.2200,43.9200,44.2100,0,0,2467300
27-08-2009,44.5100,44.8900,43.8400,44.8200,0,0,1935000
28-08-2009,44.7100,45.1300,43.8400,44.2300,0,0,2243600
31-08-2009,43.5300,43.8300,42.8200,43.2300,0,0,2332000
01-09-2009,43.3800,44.4500,42.9200,43.1300,0,0,2368900
02-09-2009,43.7700,44.0800,43.4200,43.4300,0,0,1352000
03-09-2009,44.1900,44.6400,43.9100,44.3400,0,0,1488400
04-09-2009,44.6500,45.0500,44.4700,44.9100,0,0,1381800
08-09-2009,45.3700,46.0300,45.1000,46.0300,0,0,1437200
09-09-2009,46.0400,46.9600,45.7600,46.8500,0,0,3306000
10-09-2009,46.4200,47.4200,46.3500,47.2100,0,0,2693900
11-09-2009,47.2100,47.4100,46.6400,46.7800,0,0,2132400
14-09-2009,46.4200,46.7800,46.1800,46.4500,0,0,1466600
15-09-2009,46.7900,47.2700,46.6000,47.1400,0,0,1215200
16-09-2009,47.9700,48.6400,47.3200,48.5500,0,0,1993900
17-09-2009,48.8600,49.6800,48.6500,49.1600,0,0,2057400
18-09-2009,49.3000,49.4500,48.6200,48.6800,0,0,1430600
21-09-2009,48.2300,49.4000,48.1200,48.9700,0,0,748400
22-09-2009,49.6400,50.1000,49.1500,49.2900,0,0,2654800
23-09-2009,48.9300,49.2000,48.5000,48.5200,0,0,2406000
24-09-2009,47.9500,48.4100,47.0700,47.1200,0,0,2954200
25-09-2009,46.5700,46.9000,46.2200,46.6400,0,0,2366300
28-09-2009,47.0100,48.3500,46.7300,47.9500,0,0,1262200
29-09-2009,48.0600,48.3400,47.5500,48.1500,0,0,1428400
30-09-2009,48.5000,48.8900,47.3500,48.4900,0,0,1778700
01-10-2009,48.8200,49.0000,47.2200,47.2500,0,0,1879900
02-10-2009,46.7900,48.1200,46.6800,47.8500,0,0,1642200
05-10-2009,48.2900,49.5000,48.2700,49.2900,0,0,2357300
06-10-2009,49.5500,49.7300,48.8000,49.5900,0,0,2220200
07-10-2009,48.2900,48.9200,48.0200,48.5500,0,0,3097000
08-10-2009,48.3800,49.6700,48.3300,49.4800,0,0,3737500
09-10-2009,47.3900,48.1800,47.0300,47.7400,0,0,6029200
12-10-2009,48.7100,48.7500,47.0900,47.3700,0,0,2672300
13-10-2009,47.4700,47.8700,47.2400,47.6100,0,0,2285900
14-10-2009,48.5300,49.0000,48.5300,48.9300,0,0,2231400
15-10-2009,48.4400,48.7000,48.0200,48.4900,0,0,1564400
16-10-2009,47.9500,48.0600,46.9200,47.5600,0,0,3326100
19-10-2009,47.8500,48.2100,47.3100,47.9300,0,0,1552900
20-10-2009,47.9400,48.0900,47.3900,48.0600,0,0,1611700
21-10-2009,47.7900,48.3900,47.6900,47.7900,0,0,1886400
22-10-2009,47.7400,48.2400,47.5100,48.1500,0,0,1431300
23-10-2009,48.5000,49.1700,48.2400,48.5800,0,0,1678000
26-10-2009,48.7600,49.6400,48.1100,48.2400,0,0,1531200
27-10-2009,48.2400,48.4000,47.1400,47.1900,0,0,1956200
28-10-2009,47.4600,47.6400,46.2900,46.3900,0,0,2104300
29-10-2009,46.6900,47.5100,46.3800,47.2600,0,0,1564100
30-10-2009,47.0600,47.1800,45.2400,46.0000,0,0,2479000
02-11-2009,46.1600,47.2900,45.8300,46.3800,0,0,2223500
03-11-2009,45.8800,46.8100,45.7700,46.6900,0,0,2159900
04-11-2009,47.8700,48.6200,47.5600,47.7900,0,0,1959800
05-11-2009,47.9800,48.5800,47.8100,48.2900,0,0,1111700
06-11-2009,47.9900,48.2000,47.6700,47.7900,0,0,1417700
09-11-2009,48.3900,49.1600,48.3300,49.1200,0,0,1882700
10-11-2009,48.2100,48.3600,48.0700,48.2300,0,0,1452000
11-11-2009,49.6200,50.4600,49.3800,49.6800,0,0,2046400
12-11-2009,49.8000,50.6400,49.2900,49.4600,0,0,1419800
13-11-2009,50.3800,51.1100,50.0500,50.8700,0,0,2206300
16-11-2009,51.0000,52.1700,50.9100,51.9100,0,0,1958200
17-11-2009,51.1000,52.6800,51.1000,52.5700,0,0,1967400
18-11-2009,52.2900,52.6100,51.7500,52.0500,0,0,1360600
19-11-2009,51.8200,51.8800,50.5400,50.9500,0,0,1299100
20-11-2009,51.4200,51.9300,51.0000,51.2300,0,0,1374400
23-11-2009,52.0000,52.5000,51.6400,51.8400,0,0,1022200
24-11-2009,51.9100,52.0900,51.4800,51.7900,0,0,1161800
25-11-2009,52.3700,52.9900,52.3400,52.6400,0,0,942000
27-11-2009,50.0600,51.1200,49.8700,50.5700,0,0,888000
30-11-2009,50.9200,51.3700,50.6100,50.9700,0,0,955800
01-12-2009,51.6900,52.4800,51.6000,51.9700,0,0,979300
02-12-2009,51.7200,52.3700,51.7200,52.0400,0,0,1200000
03-12-2009,52.0900,52.4600,51.8400,51.9900,0,0,2344900
04-12-2009,52.6800,53.1300,51.7500,52.4600,0,0,1428200
07-12-2009,51.8800,52.3800,51.3700,51.6500,0,0,1381100
08-12-2009,51.8500,52.1300,51.2200,51.7600,0,0,1048200
09-12-2009,52.2100,52.6500,52.0200,52.4900,0,0,1183600
10-12-2009,51.8300,52.7200,51.8300,52.6100,0,0,955200
11-12-2009,52.4600,53.0300,52.1700,52.4800,0,0,1414500
14-12-2009,53.0300,53.4500,52.8900,53.4000,0,0,2411500
15-12-2009,53.3000,53.9800,53.1700,53.3100,0,0,1578100
16-12-2009,53.8100,54.9900,53.8100,54.4300,0,0,2101200
17-12-2009,54.2500,54.6600,53.9000,54.2500,0,0,1755700
18-12-2009,54.4100,54.7100,53.6000,54.6400,0,0,2996800
21-12-2009,54.1000,54.4900,53.7500,54.0800,0,0,1365000
22-12-2009,53.9800,54.6700,53.6700,54.4500,0,0,1805100
23-12-2009,55.1300,55.7600,55.0300,55.6100,0,0,757100
24-12-2009,55.6500,56.0000,55.4000,55.9900,0,0,304300
28-12-2009,56.0000,56.1900,55.6800,55.8600,0,0,554500
29-12-2009,55.7800,55.7800,55.1500,55.5700,0,0,716100
30-12-2009,55.2600,55.9800,55.2600,55.7100,0,0,783600
31-12-2009,55.5500,55.7500,55.2500,55.2700,0,0,731000
04-01-2010,56.0200,56.9000,56.0100,56.7600,0,0,1430400
05-01-2010,56.7000,57.0000,56.3900,56.9800,0,0,1022700
06-01-2010,56.5800,56.5800,55.7600,56.1100,0,0,1477700
07-01-2010,55.0800,55.1700,54.2200,54.4000,0,0,2546800
08-01-2010,53.7700,54.8500,53.5500,54.5400,0,0,1443900
11-01-2010,54.6900,55.0000,54.0600,54.8300,0,0,1874900
12-01-2010,57.7500,58.6400,57.3500,57.6500,0,0,4327900
13-01-2010,58.5700,59.1300,57.9400,58.5600,0,0,1811800
14-01-2010,58.4400,58.9800,58.3800,58.7500,0,0,1345700
15-01-2010,58.5700,58.7500,57.5100,57.9400,0,0,1755300
19-01-2010,57.9000,58.6300,57.8400,58.5200,0,0,1007400
20-01-2010,57.8800,57.9900,56.6600,57.1000,0,0,1636500
21-01-2010,57.0000,57.5700,55.3900,55.8500,0,0,2043200
22-01-2010,55.8700,55.9200,54.1000,54.1100,0,0,1969600
25-01-2010,54.6500,55.1000,54.3400,54.5000,0,0,1367000
26-01-2010,54.2500,54.9100,53.7500,54.0600,0,0,1306700
27-01-2010,53.6700,54.7400,53.6500,54.4300,0,0,1619600
28-01-2010,54.6000,54.6200,52.2100,52.3400,0,0,2822000
29-01-2010,53.4600,53.6200,51.6100,51.9100,0,0,2423000
01-02-2010,52.2200,52.9100,52.0300,52.8600,0,0,1227500
02-02-2010,52.7900,53.1000,52.1400,53.0700,0,0,1241800
03-02-2010,53.1000,53.4200,52.9100,53.2000,0,0,1654500
04-02-2010,52.3400,52.6000,50.6400,50.6900,0,0,2463900
05-02-2010,50.6400,51.1600,49.5500,50.9300,0,0,2634500
08-02-2010,51.2100,51.8700,50.8100,51.1200,0,0,1835900
09-02-2010,52.6000,53.6000,52.3000,53.2600,0,0,2562500
10-02-2010,53.1500,53.6000,52.4900,53.1100,0,0,1680200
11-02-2010,53.2000,54.3100,53.1400,54.2700,0,0,1783000
12-02-2010,53.7000,54.3000,53.5200,54.0300,0,0,1882200
16-02-2010,54.8300,55.5300,54.6100,55.4900,0,0,1469100
17-02-2010,54.9600,55.4000,54.8700,55.4000,0,0,1435400
18-02-2010,55.0300,55.9200,55.0200,55.8300,0,0,1496500
19-02-2010,55.6000,56.2100,55.4000,55.9900,0,0,1596500
22-02-2010,56.1300,56.3300,55.6500,55.9200,0,0,1164500
23-02-2010,55.9600,56.2900,55.2600,55.5200,0,0,1279400
24-02-2010,55.6800,56.5700,55.6800,56.4700,0,0,1350100
25-02-2010,55.9000,56.8000,55.7700,56.7900,0,0,1592800
26-02-2010,56.8400,56.9800,56.1800,56.9000,0,0,1316600
01-03-2010,57.0600,58.5100,56.9000,58.3400,0,0,1550800
02-03-2010,58.3300,59.6000,58.3100,59.0800,0,0,1800100
03-03-2010,59.2000,59.4800,58.9000,59.0400,0,0,1331500
04-03-2010,58.6700,58.6700,57.6600,58.1900,0,0,2158300
05-03-2010,58.3300,59.5700,58.3000,59.5600,0,0,1446500
08-03-2010,59.1600,60.0000,59.1600,59.8700,0,0,1156200
09-03-2010,59.6900,59.9900,59.2400,59.4800,0,0,1769500
10-03-2010,59.5500,60.0000,58.9400,59.8100,0,0,1238800
11-03-2010,59.5300,59.9700,59.4200,59.9700,0,0,1091000
12-03-2010,60.0800,60.0800,59.0200,59.1200,0,0,1443000
15-03-2010,59.3500,59.7000,59.1400,59.5100,0,0,1529200
16-03-2010,60.0100,60.1700,59.5900,60.1200,0,0,926900
17-03-2010,60.0200,61.5000,60.0200,61.1400,0,0,1788600
18-03-2010,61.3500,61.9000,61.2400,61.7700,0,0,1683700
19-03-2010,61.3500,61.7900,60.1500,60.7000,0,0,1566600
22-03-2010,60.6500,61.7000,60.1000,61.5900,0,0,1342100
23-03-2010,61.6700,62.3700,61.4000,62.3200,0,0,975500
24-03-2010,62.0100,62.3000,61.4000,61.4200,0,0,1024500
25-03-2010,61.8700,62.1500,61.5600,61.6400,0,0,1201700
26-03-2010,61.5100,61.6400,60.6300,60.9200,0,0,1159800
29-03-2010,60.2000,60.5800,59.9000,60.3000,0,0,1351700
30-03-2010,59.3800,60.0700,59.2100,59.7300,0,0,1968500
31-03-2010,59.1800,59.5500,58.6600,58.8100,0,0,1631800
01-04-2010,59.6600,60.1900,59.4800,60.1800,0,0,1930700
05-04-2010,60.4900,61.3400,60.2200,61.0800,0,0,1083600
06-04-2010,60.5000,61.4500,60.1800,61.1300,0,0,1145800
07-04-2010,61.1900,61.4300,59.6200,59.8600,0,0,1391600
08-04-2010,59.9100,60.4300,59.3100,60.3100,0,0,1373100
09-04-2010,60.4200,60.9700,60.1700,60.9600,0,0,964700
12-04-2010,60.6900,61.7000,60.6200,61.4300,0,0,2165500
13-04-2010,62.1000,63.7300,61.6100,63.0500,0,0,5037000
14-04-2010,63.2600,63.3700,62.4100,62.8000,0,0,2091000
15-04-2010,62.9900,63.1000,62.4500,62.6600,0,0,1512600
16-04-2010,62.3600,62.4900,61.5300,61.9800,0,0,2976400
19-04-2010,61.4400,62.0900,60.9500,61.7500,0,0,1416200
20-04-2010,61.5000,62.3000,61.1800,62.2300,0,0,1381000
21-04-2010,61.8400,61.8800,61.2100,61.5700,0,0,1201100
22-04-2010,61.1900,62.3200,60.7600,62.2400,0,0,1202800
23-04-2010,62.3300,62.4200,61.3800,61.9500,0,0,1068400
26-04-2010,61.8900,62.6300,61.8000,62.4600,0,0,1527100
27-04-2010,62.3700,62.4000,60.4100,60.4800,0,0,1448700
28-04-2010,60.5200,60.9600,60.1100,60.3600,0,0,1480600
29-04-2010,60.4000,61.2600,60.0300,61.0100,0,0,1031400
30-04-2010,61.2400,61.2400,59.8600,59.9400,0,0,1561800
03-05-2010,60.0800,60.9600,59.9100,60.7500,0,0,1169400
04-05-2010,60.1300,60.3400,57.7800,58.5900,0,0,2751100
05-05-2010,58.9900,59.0300,58.2000,58.9300,0,0,2057600
06-05-2010,58.4800,58.7900,54.5100,56.8300,0,0,2345100
07-05-2010,56.8200,57.4200,55.3100,56.4800,0,0,2663600
10-05-2010,59.3300,60.1100,58.9700,60.0000,0,0,1954500
11-05-2010,58.8800,60.0000,58.5600,59.0600,0,0,1783100
12-05-2010,59.1400,59.6300,58.7100,59.5300,0,0,1829400
13-05-2010,59.8400,60.3400,59.4000,59.6500,0,0,1265800
14-05-2010,58.7300,58.7300,57.0100,57.8700,0,0,1801600
17-05-2010,57.3500,58.0700,56.3700,57.8800,0,0,1510700
18-05-2010,58.0000,58.7200,57.2100,57.4500,0,0,1793100
19-05-2010,57.0200,57.8100,56.3900,56.8900,0,0,1401700
20-05-2010,55.5500,55.9700,54.7100,55.1800,0,0,2157600
21-05-2010,54.4500,56.4700,54.1200,56.3900,0,0,1594700
24-05-2010,56.0200,56.3700,55.4900,55.6600,0,0,1127400
25-05-2010,54.0200,55.5900,53.2800,55.5900,0,0,1907200
27-05-2010,56.3700,57.9200,56.3700,57.9200,0,0,1595300
28-05-2010,58.0000,58.1100,57.2600,57.5300,0,0,1329600
01-06-2010,56.9600,57.8000,56.4200,56.5700,0,0,1401800
02-06-2010,56.6000,58.4700,56.0000,58.4700,0,0,1749500
03-06-2010,58.9800,59.1500,58.0200,58.7900,0,0,1600700
04-06-2010,57.8100,58.5900,57.4500,57.7900,0,0,1797600
07-06-2010,57.5300,57.9600,56.4500,56.5500,0,0,1321600
08-06-2010,56.6200,57.4000,55.9400,57.3800,0,0,1376400
09-06-2010,57.2400,58.3400,56.9900,57.1600,0,0,1337600
10-06-2010,58.0000,58.9000,57.7600,58.9000,0,0,1480000
11-06-2010,58.0900,59.5700,57.9700,59.4300,0,0,1199300
14-06-2010,60.2800,62.0000,60.2800,61.1000,0,0,1893900
15-06-2010,61.1500,62.7000,61.0100,62.6000,0,0,1411400
16-06-2010,62.0700,63.6900,62.0100,63.5600,0,0,1502800
17-06-2010,63.4300,63.8900,62.6100,63.1800,0,0,1044100
18-06-2010,62.9100,63.6300,62.9100,63.4200,0,0,1312000
21-06-2010,63.9500,64.5000,63.0400,63.2300,0,0,1607900
22-06-2010,62.9600,63.6700,62.0100,62.0400,0,0,1575200
23-06-2010,62.3700,62.7700,61.6300,62.2000,0,0,829100
24-06-2010,61.8100,62.3600,61.3300,61.5100,0,0,743600
25-06-2010,62.0300,62.5800,61.2600,62.3200,0,0,1232000
28-06-2010,62.1600,62.3800,61.3000,62.1000,0,0,718700
29-06-2010,61.0300,61.2000,59.5500,59.9100,0,0,1457100
30-06-2010,60.0900,60.7600,59.6200,59.9100,0,0,1370100
01-07-2010,60.1900,60.4300,58.7000,59.1000,0,0,2219200
02-07-2010,59.1000,59.2600,57.9900,58.8800,0,0,772200
06-07-2010,59.8800,60.4500,58.9000,59.4200,0,0,930000
07-07-2010,59.4700,60.8200,59.3500,60.7700,0,0,888400
08-07-2010,61.3000,61.8300,60.9700,61.3400,0,0,1476700
09-07-2010,61.4800,62.6300,61.4100,62.5700,0,0,921100
12-07-2010,62.4800,63.3600,62.1500,63.0200,0,0,1420200
13-07-2010,60.2400,60.4700,58.7000,59.4300,0,0,6297200
14-07-2010,59.4200,59.8400,58.9300,59.3800,0,0,1750300
15-07-2010,59.3500,59.5900,58.8400,59.3500,0,0,1304600
16-07-2010,59.4900,59.4900,58.1600,58.3100,0,0,1684300
19-07-2010,58.6100,58.8900,58.1500,58.6000,0,0,987600
20-07-2010,57.4700,58.9500,57.3400,58.8800,0,0,1157000
21-07-2010,59.1500,59.2200,57.7300,58.0100,0,0,1363500
22-07-2010,58.6000,60.1800,58.4200,59.9600,0,0,1628000
23-07-2010,59.3500,60.2200,59.0600,60.1800,0,0,1363500
26-07-2010,60.3600,60.6700,59.8200,60.6700,0,0,781200
27-07-2010,60.9600,61.0800,60.2200,60.7700,0,0,1061000
28-07-2010,60.3500,60.8600,60.0000,60.4300,0,0,701000
29-07-2010,60.5300,60.8700,59.6900,60.4100,0,0,748500
30-07-2010,59.9300,60.6900,59.5200,60.4800,0,0,1000800
02-08-2010,61.6000,61.8900,61.1500,61.3400,0,0,1083400
03-08-2010,62.0000,62.7700,61.3700,62.6300,0,0,2741400
04-08-2010,62.9700,63.5500,62.5400,63.3700,0,0,1638200
05-08-2010,62.8100,62.9300,61.6900,62.2200,0,0,896200
06-08-2010,61.8500,61.9600,60.7500,61.8800,0,0,1000300
09-08-2010,62.0500,62.6800,62.0500,62.4000,0,0,713000
10-08-2010,61.5600,62.2900,61.1200,62.0500,0,0,1006100
11-08-2010,60.6900,60.9000,59.5800,59.7500,0,0,1180800
12-08-2010,58.8500,59.4800,58.6800,59.2800,0,0,975900
13-08-2010,58.8000,59.3900,58.8000,59.0500,0,0,671700
16-08-2010,58.0900,59.5700,58.0700,59.4900,0,0,742400
17-08-2010,59.9300,60.2400,59.3500,59.6600,0,0,1253600
18-08-2010,59.4900,60.5900,59.4900,60.4000,0,0,764300
19-08-2010,60.0800,60.3900,59.3800,59.6200,0,0,1009200
20-08-2010,59.2700,59.8200,59.0800,59.5700,0,0,951100
23-08-2010,59.9200,60.4800,59.3000,59.3700,0,0,990500
24-08-2010,59.1400,59.1400,58.1700,58.6400,0,0,1181000
25-08-2010,58.2400,59.0000,58.0700,58.7300,0,0,906200
26-08-2010,58.7800,59.1300,58.2800,58.2900,0,0,716200
27-08-2010,58.1700,58.2300,57.0000,58.0100,0,0,1460500
30-08-2010,57.6300,57.8800,57.2600,57.3200,0,0,781400
31-08-2010,57.2600,57.6000,56.7300,57.2800,0,0,1288800
01-09-2010,58.7300,59.7900,58.7300,59.7000,0,0,1810000
02-09-2010,59.0300,60.0400,59.0300,59.7700,0,0,1160600
03-09-2010,60.2400,60.8400,59.9100,60.6600,0,0,1386200
07-09-2010,61.1300,61.1800,60.5500,60.8300,0,0,919800
08-09-2010,61.4600,62.3100,61.4300,61.6300,0,0,1152300
09-09-2010,62.0100,62.1300,61.6800,61.8400,0,0,1010800
10-09-2010,62.1800,62.6500,61.9700,62.3300,0,0,486100
13-09-2010,63.1000,64.8600,63.1000,64.7100,0,0,1917600
14-09-2010,64.6700,65.4700,64.5300,65.1100,0,0,1624500
15-09-2010,65.4500,65.6000,64.3200,64.7600,0,0,2401900
16-09-2010,64.4000,64.9800,64.4000,64.9100,0,0,707600
17-09-2010,64.7600,65.2100,64.7300,65.0700,0,0,1413500
20-09-2010,65.4800,66.2500,65.0200,66.1600,0,0,1330500
21-09-2010,66.9400,66.9800,65.3900,65.8800,0,0,1628200
22-09-2010,65.8700,66.4400,65.2100,65.5400,0,0,1235200
23-09-2010,65.3400,65.9200,65.2400,65.4100,0,0,1250000
24-09-2010,66.4200,67.2100,66.1900,66.8800,0,0,1614600
27-09-2010,66.5000,67.0000,66.1300,66.1300,0,0,1090000
28-09-2010,66.4100,67.4400,65.9500,67.2400,0,0,1323900
29-09-2010,67.3200,67.4500,66.7000,67.1300,0,0,1105600
30-09-2010,67.4100,67.9900,66.6900,67.3100,0,0,1030800
01-10-2010,69.0700,70.9200,69.0700,70.5200,0,0,3094400
04-10-2010,69.8900,69.8900,68.1400,68.8100,0,0,1873800
05-10-2010,69.2500,69.9800,69.1500,69.7300,0,0,1027500
06-10-2010,69.3500,69.7300,68.6800,69.0200,0,0,1597700
07-10-2010,68.9000,69.3800,68.6000,68.8500,0,0,994900
08-10-2010,69.3900,69.7800,68.7000,69.4900,0,0,1148700
11-10-2010,69.2000,69.6800,68.6300,68.8000,0,0,1255800
12-10-2010,68.3300,69.0200,68.1400,68.9400,0,0,1070000
13-10-2010,70.2500,71.4500,70.2500,71.2000,0,0,1824200
14-10-2010,71.5800,71.9900,70.5900,71.0100,0,0,1559600
15-10-2010,70.1900,70.7000,68.1000,68.6100,0,0,3743500
18-10-2010,69.1100,69.4900,68.2100,68.7300,0,0,2545400
19-10-2010,66.8000,66.9900,65.9800,66.3400,0,0,2088200
20-10-2010,66.7100,67.2000,66.6500,66.8300,0,0,1586000
21-10-2010,67.5000,67.8500,66.7100,67.4200,0,0,2382800
22-10-2010,67.8100,68.2900,67.6700,67.9600,0,0,1269600
25-10-2010,68.3400,68.3400,67.3600,67.5200,0,0,1196600
26-10-2010,67.0700,67.4800,66.7300,67.1900,0,0,1189800
27-10-2010,66.7300,66.8600,65.8600,66.4000,0,0,1526000
28-10-2010,67.0900,67.3500,66.5500,66.9000,0,0,1560700
29-10-2010,66.8800,67.4600,66.6200,67.4400,0,0,1244800
01-11-2010,67.6600,68.0300,66.6500,67.2200,0,0,1439700
02-11-2010,67.5600,68.1300,67.5600,67.7700,0,0,1171600
03-11-2010,67.6700,68.2000,67.4000,68.0900,0,0,833100
04-11-2010,69.4500,69.7900,69.0700,69.5600,0,0,1234400
05-11-2010,69.5900,69.6000,68.8000,68.9600,0,0,1165400
08-11-2010,68.4900,68.4900,67.7700,67.9800,0,0,942600
09-11-2010,68.3700,68.7700,67.2200,67.3900,0,0,1571100
10-11-2010,68.6400,69.2000,67.8900,68.3200,0,0,1361800
11-11-2010,68.0000,68.3500,67.3100,67.6500,0,0,1305000
12-11-2010,67.0400,67.4400,66.0000,66.3000,0,0,1755700
15-11-2010,66.8800,67.3900,66.3500,66.4700,0,0,799600
16-11-2010,65.5000,65.7300,64.2900,64.6100,0,0,1224600
17-11-2010,64.5300,65.1500,64.3800,64.5100,0,0,1358200
18-11-2010,65.8700,66.7400,65.8700,66.3400,0,0,1560700
19-11-2010,65.8000,66.0900,65.1200,65.9400,0,0,1001800
22-11-2010,66.7500,67.1900,66.2100,67.0800,0,0,853300
23-11-2010,65.9600,66.4100,65.1800,65.6900,0,0,788400
24-11-2010,65.9500,67.0900,65.9500,66.8400,0,0,1246300
26-11-2010,66.2100,67.3600,66.1000,66.9600,0,0,456300
29-11-2010,66.3800,66.6000,65.6200,66.3800,0,0,1360100
30-11-2010,65.4600,66.3400,65.4100,66.1500,0,0,812200
01-12-2010,67.4400,68.1800,67.1400,67.8500,0,0,724700
02-12-2010,67.7500,69.3800,67.6200,69.2700,0,0,936400
03-12-2010,69.1900,69.7000,68.9600,69.3300,0,0,484700
06-12-2010,69.6700,70.3000,69.2600,69.4800,0,0,616300
07-12-2010,70.6100,70.9400,69.9500,70.1100,0,0,1015700
08-12-2010,69.8000,70.4000,69.4300,70.0600,0,0,592700
09-12-2010,70.0000,70.0000,69.2800,69.4700,0,0,897800
10-12-2010,69.9900,70.1300,69.3100,69.7700,0,0,860300
13-12-2010,70.2700,70.6400,69.8800,70.4600,0,0,797000
14-12-2010,70.2600,71.6300,69.9500,71.3000,0,0,1391500
15-12-2010,71.0000,71.8100,70.7700,71.4200,0,0,1595200
16-12-2010,72.0100,73.6100,71.7000,73.5700,0,0,1623400
17-12-2010,73.2900,73.9300,73.0900,73.7600,0,0,1790600
20-12-2010,73.7600,74.1100,73.1700,73.7500,0,0,598500
21-12-2010,73.8400,74.3600,73.4100,74.0400,0,0,880300
22-12-2010,73.9600,74.3400,73.7100,74.2000,0,0,554300
23-12-2010,74.3000,75.0000,74.2100,74.8500,0,0,537400
27-12-2010,74.5000,75.4000,74.1000,75.0400,0,0,380800
28-12-2010,75.1000,75.3700,74.9600,75.0100,0,0,497800
29-12-2010,75.2000,76.2000,75.2000,75.8200,0,0,588800
30-12-2010,76.0800,76.8800,76.0100,76.4100,0,0,781900
31-12-2010,76.1500,76.5400,75.8400,76.0800,0,0,526400
03-01-2011,76.8800,77.9200,76.8100,77.5300,0,0,688100
04-01-2011,77.3400,77.5200,76.1200,76.8800,0,0,654700
05-01-2011,77.2100,77.8500,76.2900,77.3800,0,0,980200
06-01-2011,76.9700,77.6600,76.8400,77.2900,0,0,696200
07-01-2011,75.9400,76.1700,75.0200,75.7600,0,0,1748300
10-01-2011,75.2000,76.1900,74.8900,75.2400,0,0,2380500
11-01-2011,74.4600,75.5500,74.2600,75.2000,0,0,1976200
12-01-2011,75.5200,77.0100,74.6900,76.6800,0,0,1562900
13-01-2011,72.0000,72.8200,70.7000,71.8400,0,0,3975700
14-01-2011,71.7600,72.0800,70.4800,70.7300,0,0,2043000
18-01-2011,72.8000,73.2000,70.9500,71.0700,0,0,3180400
19-01-2011,70.8800,71.6000,70.4200,70.8500,0,0,1535000
20-01-2011,71.2000,71.8700,70.5500,70.6700,0,0,1682800
21-01-2011,71.2100,71.9500,70.1400,70.2900,0,0,1710100
24-01-2011,71.1600,71.5500,70.5500,70.9200,0,0,1572700
25-01-2011,70.6300,70.8700,69.5700,70.0000,0,0,1380000
26-01-2011,70.1800,70.5900,69.7000,70.4100,0,0,2387200
27-01-2011,70.3400,70.4100,69.8400,70.0600,0,0,2080700
28-01-2011,69.7500,69.9300,67.6200,67.6200,0,0,2214900
31-01-2011,67.4100,68.0300,67.4100,67.7100,0,0,1629600
01-02-2011,68.1200,68.9400,67.8000,68.7500,0,0,1879600
02-02-2011,68.1900,68.7500,67.7100,68.0200,0,0,1006400
03-02-2011,68.0000,68.6000,67.7400,68.3500,0,0,660500
04-02-2011,67.3400,67.8500,66.9400,67.6800,0,0,1288100
07-02-2011,68.2900,69.1300,67.7600,68.7400,0,0,1144800
08-02-2011,68.7000,69.1000,68.1100,68.9800,0,0,964400
09-02-2011,69.0000,69.0000,67.7000,68.0100,0,0,1010300
10-02-2011,67.0500,67.7800,66.7300,67.3200,0,0,1094500
11-02-2011,66.7400,67.1200,66.2600,67.1200,0,0,1645200
14-02-2011,67.6800,68.5600,67.6800,68.1400,0,0,1178000
15-02-2011,67.8400,68.6100,67.8400,68.2900,0,0,845200
16-02-2011,68.3400,69.1800,68.3100,68.6700,0,0,877600
17-02-2011,68.6000,69.6200,68.4500,69.5600,0,0,930300
18-02-2011,69.0800,69.6000,68.7600,69.3700,0,0,1086500
22-02-2011,68.6800,68.9800,67.1600,67.4000,0,0,1498500
23-02-2011,67.4300,67.5800,66.1100,66.5200,0,0,1405400
24-02-2011,66.5900,66.7800,65.7100,66.5200,0,0,1081100
25-02-2011,66.9000,67.6900,66.5500,67.3400,0,0,1101500
28-02-2011,67.3700,67.3700,66.4800,66.7000,0,0,1042800
01-03-2011,68.3100,68.4200,66.2900,66.5600,0,0,1487000
02-03-2011,66.3800,67.5300,66.3800,66.8500,0,0,1445500
03-03-2011,67.3700,68.5600,67.3700,68.4000,0,0,1078400
04-03-2011,68.1300,68.2800,67.1400,67.6700,0,0,860900
07-03-2011,67.7400,67.9600,66.4200,66.8200,0,0,1196000
08-03-2011,68.1600,69.3700,68.1600,68.9200,0,0,1455200
09-03-2011,68.5800,68.9900,68.2000,68.6800,0,0,903000
10-03-2011,67.7200,67.8700,66.8300,67.0600,0,0,1238900
11-03-2011,66.9400,68.1000,66.9200,67.5500,0,0,1388200
14-03-2011,68.0100,68.7300,67.4500,67.8300,0,0,1124700
15-03-2011,66.0400,66.7200,65.8400,66.5000,0,0,2447400
16-03-2011,66.5100,66.7600,64.4600,64.8000,0,0,2363600
17-03-2011,65.6900,65.7300,64.9500,65.2300,0,0,904400
18-03-2011,65.3000,65.4700,64.4900,64.5500,0,0,2157300
21-03-2011,65.2000,65.4900,65.0300,65.2000,0,0,704200
22-03-2011,65.3400,65.4700,64.4900,64.5200,0,0,954900
23-03-2011,65.8800,66.4200,65.2700,66.1600,0,0,1529200
24-03-2011,66.7000,68.4800,66.6700,68.2500,0,0,1856200
25-03-2011,70.2700,70.8200,68.9500,69.2400,0,0,2473900
28-03-2011,69.7300,70.0200,69.2700,69.4200,0,0,1099700
29-03-2011,70.3600,70.9500,70.2100,70.7500,0,0,1532700
30-03-2011,70.8000,70.9600,70.2100,70.7600,0,0,1690500
31-03-2011,72.1500,73.2200,71.6500,71.7000,0,0,1734400
01-04-2011,71.9800,73.2400,71.7100,73.1100,0,0,1610400
04-04-2011,73.5600,73.7400,73.0200,73.3900,0,0,874300
05-04-2011,73.2100,73.6800,72.9600,73.4000,0,0,1030400
06-04-2011,73.6700,74.2500,72.6200,73.1400,0,0,1209900
07-04-2011,73.0000,73.6200,72.7000,73.2700,0,0,1040000
08-04-2011,73.3200,73.4200,71.6800,72.0500,0,0,1056800
11-04-2011,72.7100,73.1700,72.4000,72.8500,0,0,920600
12-04-2011,72.2100,72.4500,71.5200,71.7700,0,0,1414200
13-04-2011,73.4600,73.9100,72.5100,72.9900,0,0,1319700
14-04-2011,72.3200,73.3500,72.1300,73.0100,0,0,1268800
15-04-2011,64.3000,64.5000,61.4000,63.2100,0,0,13273500
18-04-2011,63.7000,63.9500,62.6300,63.4800,0,0,4027700
19-04-2011,64.2400,64.3700,63.0500,63.9000,0,0,2928300
20-04-2011,65.1900,65.3800,64.3900,64.9800,0,0,3638300
21-04-2011,65.1300,65.5300,64.8100,65.0400,0,0,2458400
25-04-2011,65.6500,65.8800,64.9800,65.4500,0,0,2323800
26-04-2011,65.6500,66.2600,65.4300,66.2600,0,0,1926800
27-04-2011,66.2800,66.3000,65.3100,66.1900,0,0,2060800
28-04-2011,65.8900,66.0700,64.3100,64.4200,0,0,3663700
29-04-2011,64.9100,65.2300,64.7800,65.1800,0,0,2800000
02-05-2011,65.6500,65.8500,65.0500,65.4200,0,0,1341700
03-05-2011,65.2100,65.2500,63.5100,64.4700,0,0,2883800
04-05-2011,64.2900,64.7400,63.3300,63.9800,0,0,1949800
05-05-2011,63.3600,64.0000,62.9500,63.3000,0,0,2044300
06-05-2011,64.3100,65.3300,64.2800,64.8200,0,0,2302200
09-05-2011,65.0400,65.1300,64.4500,64.6300,0,0,1392900
10-05-2011,64.4500,65.1100,64.2500,65.0000,0,0,1064300
11-05-2011,64.7900,65.1400,63.8000,64.3600,0,0,1036900
12-05-2011,64.0200,64.5100,63.5100,64.4200,0,0,1500000
13-05-2011,64.2900,64.4400,63.3500,63.5400,0,0,1393100
16-05-2011,63.2500,63.8800,62.4600,62.5600,0,0,1728100
17-05-2011,62.5000,62.7800,61.9000,62.6400,0,0,2078600
18-05-2011,62.8300,63.5500,62.6000,63.1600,0,0,1085400
19-05-2011,63.0000,63.5900,62.2900,62.7000,0,0,1937500
20-05-2011,62.8300,63.4100,62.5100,62.9100,0,0,805600
23-05-2011,62.2100,62.5700,61.8500,62.5100,0,0,1392900
24-05-2011,62.2900,62.8300,62.0600,62.5700,0,0,1324500
25-05-2011,61.4500,61.7700,60.9900,61.6500,0,0,1362200
26-05-2011,61.7500,62.0800,61.0600,61.7800,0,0,1738900
27-05-2011,61.9200,62.2400,61.5800,61.6500,0,0,1011900
31-05-2011,61.8100,62.1700,61.5100,61.7500,0,0,1912000
01-06-2011,62.3100,63.0400,61.6700,61.6900,0,0,1854600
02-06-2011,62.3200,62.6500,61.7700,62.2000,0,0,1108700
03-06-2011,62.0100,63.4000,62.0000,62.6400,0,0,1590100
06-06-2011,62.6700,64.3200,62.4700,63.2800,0,0,2152100
07-06-2011,64.3400,64.6900,63.9800,64.2000,0,0,2312000
08-06-2011,63.8600,64.4000,63.3800,63.7200,0,0,1408600
09-06-2011,63.8200,64.4200,63.7000,64.1800,0,0,1137100
10-06-2011,63.7800,63.8000,62.9300,63.1400,0,0,974800
13-06-2011,63.8100,64.1700,63.2400,63.3700,0,0,1319600
14-06-2011,64.1100,64.1800,63.4100,63.6400,0,0,1644600
15-06-2011,63.3200,63.3200,61.8600,62.2700,0,0,1360400
16-06-2011,62.0600,62.2600,61.2200,61.6400,0,0,1447800
17-06-2011,62.2700,62.3200,61.5600,61.6300,0,0,1494100
20-06-2011,60.6600,61.3300,60.3000,60.7000,0,0,1420400
21-06-2011,61.0000,61.8100,60.6200,61.7500,0,0,1056600
22-06-2011,61.6200,62.0500,61.1700,61.5300,0,0,941500
23-06-2011,61.0600,62.2800,60.8800,62.2000,0,0,1157400
24-06-2011,63.5700,63.5800,62.0000,62.3600,0,0,1423200
27-06-2011,62.9900,63.7700,62.9100,63.4200,0,0,1311200
28-06-2011,63.4900,64.2800,63.2300,64.1700,0,0,910700
29-06-2011,64.3600,64.6600,63.9900,64.4900,0,0,683300
30-06-2011,64.8700,65.4800,64.7600,65.2300,0,0,985700
01-07-2011,65.6000,66.1400,65.2600,66.0700,0,0,1138800
05-07-2011,66.5000,66.7500,66.1000,66.7200,0,0,1127700
06-07-2011,66.6700,66.7200,66.0200,66.4600,0,0,1057400
07-07-2011,67.3600,68.5200,67.1600,68.2500,0,0,1784000
08-07-2011,67.0900,67.9400,66.4000,67.2100,0,0,2303400
11-07-2011,65.9900,66.0200,64.9600,65.1000,0,0,2242800
12-07-2011,61.7700,62.7200,60.9000,61.4400,0,0,4714300
13-07-2011,62.0500,62.2100,60.9000,61.2600,0,0,3455600
14-07-2011,61.5500,62.4300,60.9600,61.1600,0,0,1994300
15-07-2011,61.6000,62.2000,61.0200,61.3900,0,0,1335700
18-07-2011,60.9700,61.0100,60.0600,60.6400,0,0,1601300
19-07-2011,61.4000,62.0900,61.3500,62.0100,0,0,1180100
20-07-2011,61.7400,61.8400,61.0700,61.6200,0,0,1038600
21-07-2011,62.5700,63.2400,62.0100,62.6600,0,0,1659500
22-07-2011,63.0600,64.0000,63.0600,63.6200,0,0,1606600
25-07-2011,62.9600,63.2800,62.6700,62.8700,0,0,1407800
26-07-2011,63.1200,63.4000,62.7800,63.1600,0,0,948600
27-07-2011,62.8300,63.1000,61.6900,61.9900,0,0,2790900
28-07-2011,61.9000,62.5000,61.6300,61.8000,0,0,1435200
29-07-2011,62.1000,62.8200,61.8900,62.2200,0,0,2042900
01-08-2011,63.2600,63.5700,62.3500,63.2500,0,0,2905500
02-08-2011,62.2000,62.8300,61.1800,61.2900,0,0,2398800
03-08-2011,61.4400,61.8700,60.1200,61.5700,0,0,1951100
04-08-2011,60.5600,60.5600,58.1000,58.1500,0,0,3761300
05-08-2011,57.6900,58.5000,56.3700,57.3900,0,0,2973400
08-08-2011,54.9000,55.5100,52.7400,53.3900,0,0,3758000
09-08-2011,53.6400,55.3000,53.1100,55.2800,0,0,3490500
10-08-2011,53.8000,53.9600,52.4400,52.5100,0,0,2337900
11-08-2011,53.1000,54.3900,52.7800,53.9800,0,0,3087100
12-08-2011,53.0000,54.1300,52.6100,53.7800,0,0,2314700
15-08-2011,54.0700,54.3800,53.5600,54.2000,0,0,1715300
16-08-2011,53.5900,53.8200,52.9700,53.2200,0,0,1775100
17-08-2011,53.6400,54.6100,53.5100,54.0600,0,0,2348800
18-08-2011,51.4500,51.6700,47.5600,47.8800,0,0,5488100
19-08-2011,47.9100,48.7000,47.3300,47.5600,0,0,3046500
22-08-2011,48.4800,48.4800,47.4500,48.1000,0,0,2534900
23-08-2011,49.0100,49.9600,48.6800,49.9000,0,0,2106100
24-08-2011,49.4300,49.6300,48.2400,49.5100,0,0,1613800
25-08-2011,47.9800,48.4800,47.5300,47.6600,0,0,3011900
26-08-2011,47.4100,48.7600,46.4900,48.4100,0,0,1771200
29-08-2011,49.7500,51.6700,49.5000,51.3400,0,0,2402300
30-08-2011,51.0600,51.5600,50.7100,50.9800,0,0,1521200
31-08-2011,51.5000,52.2400,51.2900,51.6200,0,0,1203600
01-09-2011,51.8700,52.0000,50.6900,50.9400,0,0,2141700
02-09-2011,50.0200,50.4500,49.5500,49.5900,0,0,1678300
06-09-2011,49.0900,49.3700,48.3600,48.9400,0,0,2374400
07-09-2011,49.7100,50.2500,49.6500,50.0500,0,0,1729500
08-09-2011,49.9500,50.3400,49.3800,49.6300,0,0,1832800
09-09-2011,48.7800,48.7900,47.0700,47.1700,0,0,2791400
12-09-2011,46.3100,47.5800,46.1300,47.4700,0,0,2393200
13-09-2011,47.4600,48.4500,47.3400,48.0600,0,0,2056000
14-09-2011,49.4400,50.3700,48.7100,49.8200,0,0,2616000
15-09-2011,50.7800,51.3600,49.9900,50.6200,0,0,1469100
16-09-2011,50.8500,51.0900,50.0000,50.6400,0,0,2049800
19-09-2011,49.3900,49.6900,48.7500,49.4400,0,0,1050300
20-09-2011,50.2600,50.7500,49.9000,49.9500,0,0,1307800
21-09-2011,50.3200,50.7700,48.5500,49.0000,0,0,2167900
22-09-2011,47.2700,48.0200,46.1200,47.0100,0,0,2888500
23-09-2011,46.9000,48.3000,46.8400,48.2300,0,0,1867100
26-09-2011,48.2800,48.8300,47.3000,48.7100,0,0,1583500
27-09-2011,49.8300,52.4600,49.7600,51.2100,0,0,3273800
28-09-2011,51.1300,51.7900,50.6700,50.8300,0,0,3013400
29-09-2011,51.9500,53.1500,50.9100,51.7500,0,0,3498800
30-09-2011,51.1000,51.5900,50.6300,51.0700,0,0,2625400
03-10-2011,50.4000,51.8600,49.7700,50.0400,0,0,2416800
04-10-2011,48.9600,50.8000,48.4100,50.7200,0,0,2310000
05-10-2011,50.6000,51.5000,50.0300,51.4200,0,0,1521100
06-10-2011,51.5000,52.7600,50.8100,52.6500,0,0,2198200
07-10-2011,52.0600,53.0700,51.8600,52.2800,0,0,2862600
10-10-2011,53.2100,53.8400,52.8800,53.8300,0,0,1672300
11-10-2011,51.4400,52.7500,51.4100,52.6600,0,0,3252200
12-10-2011,56.0000,58.3600,55.5800,56.3400,0,0,6052300
13-10-2011,55.5400,56.1300,55.3600,55.9100,0,0,2421400
14-10-2011,56.8800,57.1100,56.3000,57.0000,0,0,1613800
17-10-2011,56.5000,56.5100,54.9800,55.0500,0,0,2654100
18-10-2011,55.3000,56.0300,54.2900,55.8100,0,0,1450900
19-10-2011,55.3900,56.0100,54.8800,54.9900,0,0,1364200
20-10-2011,55.4200,55.4800,53.9700,54.4000,0,0,1646400
21-10-2011,55.0500,55.7500,54.8500,55.5700,0,0,1358900
24-10-2011,55.8900,57.9300,55.5300,57.6400,0,0,2253000
25-10-2011,57.9200,58.6000,57.4800,57.6300,0,0,2764900
26-10-2011,57.7300,58.1900,56.4700,57.6500,0,0,1580300
27-10-2011,59.2800,61.4800,59.2600,60.8700,0,0,2216600
28-10-2011,59.0800,60.3200,58.6700,60.2400,0,0,1891000
31-10-2011,59.2800,59.4000,58.5400,58.5900,0,0,1550600
01-11-2011,57.5000,57.9500,56.6800,57.5000,0,0,2378200
02-11-2011,57.5000,58.6800,57.1000,58.5500,0,0,1881800
03-11-2011,58.1500,58.8800,57.1700,58.7500,0,0,2451900
04-11-2011,57.9700,58.1700,57.2300,58.0800,0,0,1627700
07-11-2011,58.1300,58.3300,57.3200,57.9500,0,0,700300
08-11-2011,58.1800,58.4600,57.5000,58.3900,0,0,717500
09-11-2011,56.8900,57.1400,55.9200,56.0300,0,0,2076700
10-11-2011,56.6700,56.8500,55.6200,56.0200,0,0,1381600
11-11-2011,56.3100,57.2800,55.9800,57.2100,0,0,1339200
14-11-2011,56.7100,56.7400,55.0800,55.4300,0,0,1666400
15-11-2011,55.4600,55.9000,54.7300,55.6000,0,0,1598100
16-11-2011,55.0900,55.4200,54.3500,54.4000,0,0,1719500
17-11-2011,54.3300,55.0100,53.2900,53.4200,0,0,1487500
18-11-2011,53.4300,53.5600,53.0100,53.0900,0,0,1313500
21-11-2011,51.1400,51.3500,49.9300,50.9800,0,0,2256400
22-11-2011,51.3800,51.7200,50.5900,51.0000,0,0,2484100
23-11-2011,50.4800,50.4800,49.3100,49.6300,0,0,1731300
25-11-2011,49.2500,50.5100,49.2000,49.9700,0,0,878600
28-11-2011,50.9200,51.9600,50.5600,51.0000,0,0,1584300
29-11-2011,50.4900,51.4700,50.1800,50.5600,0,0,1805300
30-11-2011,51.8000,52.5100,51.5400,51.6200,0,0,2221800
01-12-2011,51.9400,52.5300,51.5300,52.4100,0,0,1986000
02-12-2011,53.0700,53.2900,52.5300,52.8100,0,0,1072900
05-12-2011,53.7000,53.8300,52.9900,53.2700,0,0,1033600
06-12-2011,53.1300,53.2600,52.4200,52.7500,0,0,821900
07-12-2011,52.9500,53.1700,52.2300,52.8900,0,0,1905300
08-12-2011,51.9400,52.1400,50.5200,50.6000,0,0,2220200
09-12-2011,51.3200,52.6600,51.2900,52.4900,0,0,1261800
12-12-2011,51.9100,51.9100,51.1500,51.6000,0,0,960200
13-12-2011,52.0500,52.3300,51.2800,51.6700,0,0,1646700
14-12-2011,51.0700,51.1300,49.7300,49.8400,0,0,1795900
15-12-2011,50.7200,50.9900,49.9200,50.0900,0,0,1177600
16-12-2011,51.0500,51.3900,50.2500,50.3700,0,0,3134200
19-12-2011,50.1000,50.4300,49.1600,49.4000,0,0,1779100
20-12-2011,50.3800,51.8100,50.0300,51.4700,0,0,2032700
21-12-2011,51.2400,51.4200,48.6900,49.3500,0,0,3542000
22-12-2011,50.6100,51.2000,50.5000,51.0700,0,0,1695600
23-12-2011,50.9500,51.3900,50.6200,51.1500,0,0,528300
27-12-2011,51.2800,51.7200,51.2800,51.3500,0,0,493900
28-12-2011,51.7300,52.1800,50.8100,51.0100,0,0,1031500
29-12-2011,50.9900,51.3900,50.7700,51.3300,0,0,1857930
30-12-2011,51.3500,51.8000,51.3400,51.3800,0,0,789500
03-01-2012,53.6500,54.4400,53.3000,53.4500,0,0,1765400
04-01-2012,53.6000,54.0600,53.1100,53.2000,0,0,1239200
05-01-2012,53.2100,54.3500,53.1200,54.0100,0,0,1543400
06-01-2012,53.8100,54.0000,53.1200,53.9200,0,0,1353000
09-01-2012,54.1700,55.4600,54.0200,55.3400,0,0,2110000
10-01-2012,55.7700,56.1500,55.3400,55.9200,0,0,1647200
11-01-2012,54.8600,56.8800,54.7300,56.8700,0,0,2833800
12-01-2012,51.0200,52.1300,51.0100,51.8500,0,0,6973800
13-01-2012,51.1200,51.2900,50.2800,51.0800,0,0,1962000
17-01-2012,52.1700,52.3000,51.6500,51.9200,0,0,1656600
18-01-2012,51.5200,52.1500,51.3200,51.8000,0,0,1741600
19-01-2012,51.7900,52.1200,51.4300,51.7000,0,0,2014100
20-01-2012,51.6100,52.7300,51.6000,52.2900,0,0,2669800
23-01-2012,52.1900,53.1000,52.1100,52.8100,0,0,2089400
24-01-2012,52.6900,53.9000,52.6700,53.5900,0,0,1822300
25-01-2012,53.2700,54.3400,53.1300,54.2200,0,0,1474200
26-01-2012,55.0700,55.3000,54.4400,54.8300,0,0,1897700
27-01-2012,55.2700,55.4500,53.9100,54.3100,0,0,2136000
30-01-2012,54.1500,54.3700,53.6800,54.2900,0,0,1181600
31-01-2012,55.2500,55.6900,54.2900,54.9900,0,0,2128200
01-02-2012,55.5200,55.6700,54.9700,55.4700,0,0,2114000
02-02-2012,55.8000,56.2900,55.3500,55.5000,0,0,1489900
03-02-2012,56.9500,57.7000,56.6700,57.0900,0,0,1766300
06-02-2012,56.3600,56.7500,56.0400,56.3300,0,0,1240600
07-02-2012,55.6400,56.2500,55.4200,56.0100,0,0,1188000
08-02-2012,56.2000,56.2000,55.2400,55.7300,0,0,1814700
09-02-2012,56.6000,57.0000,55.9900,56.3000,0,0,1519800
10-02-2012,55.5400,56.2300,55.4700,55.7100,0,0,1098100
13-02-2012,56.4300,56.4700,55.7600,56.0300,0,0,1084900
14-02-2012,56.2300,57.2900,56.0600,57.2300,0,0,2996300
15-02-2012,57.8600,59.3100,57.7600,58.7900,0,0,3563800
16-02-2012,58.7500,59.4500,58.6800,59.4100,0,0,1529800
17-02-2012,59.9900,60.0000,59.1600,59.6000,0,0,1031300
21-02-2012,59.4000,60.2400,59.1600,59.5400,0,0,1862000
22-02-2012,59.7400,60.8600,59.5800,60.1000,0,0,1392000
23-02-2012,59.9100,59.9100,59.1200,59.6500,0,0,2027600
24-02-2012,59.9800,60.2600,59.3500,59.6300,0,0,1592300
27-02-2012,58.9300,59.0000,57.9900,58.7200,0,0,1463300
28-02-2012,58.4200,58.7000,58.0300,58.5100,0,0,1261200
29-02-2012,58.2500,58.3900,57.6300,57.6800,0,0,2147300
01-03-2012,57.8400,58.2500,57.4600,57.8800,0,0,1392700
